Name,Patronymic,Address,City,Index
Johnni,Rivera,8476 Elgin St,Columbus,43215
Pam,Robinson,2504 Lee Avenue,Princeton,78540
Jesus,Nunez,4291 Washington Street,Corpus Christi,78401
Debbie,Cook,622 Pearl Street,Sacramento,95826
Arthur,Torrey,1718 Godfrey Road,New York,10019
Johnni,Rivera,8476 Elgin St,Columbus,43215
Pam,Robinson,2504 Lee Avenue,Princeton,78540
Jesus,Nunez,4291 Washington Street,Corpus Christi,78401
Debbie,Cook,622 Pearl Street,Sacramento,95826
Arthur,Torrey,1718 Godfrey Road,New York,10019
Johnni,Rivera,8476 Elgin St,Columbus,43215
Pam,Robinson,2504 Lee Avenue,Princeton,78540
Jesus,Nunez,4291 Washington Street,Corpus Christi,78401
Debbie,Cook,622 Pearl Street,Sacramento,95826
Arthur,Torrey,1718 Godfrey Road,New York,10019
Johnni,Rivera,8476 Elgin St,Columbus,43215
Pam,Robinson,2504 Lee Avenue,Princeton,78540
Jesus,Nunez,4291 Washington Street,Corpus Christi,78401
Debbie,Cook,622 Pearl Street,Sacramento,95826
Arthur,Torrey,1718 Godfrey Road,New York,10019